<project xmlns="http://maven.apache.org/POM/4.0.0" xmlns:xsi="http://www.w3.org/2001/XMLSchema-instance"
	xsi:schemaLocation="http://maven.apache.org/POM/4.0.0 http://maven.apache.org/maven-v4_0_0.xsd">
	<modelVersion>4.0.0</modelVersion>
	<groupId>slb.fdp.ui</groupId>
	<artifactId>SLB</artifactId>
	<packaging>jar</packaging>
	<version>1.0-SNAPSHOT</version>

	<properties>
		<project.build.sourceEncoding>ISO-8859-1</project.build.sourceEncoding>
		<project.reporting.outputEncoding>ISO-8859-1</project.reporting.outputEncoding>
	</properties>

	<dependencies>

		<dependency>
			<groupId>org.apache.pdfbox</groupId>
			<artifactId>pdfbox</artifactId>
			<version>2.0.17</version>
		</dependency>

		<dependency>
			<groupId>org.seleniumhq.selenium</groupId>
			<artifactId>selenium-java</artifactId>
			<version>3.141.59</version>
		</dependency>

		<dependency>
			<groupId>org.seleniumhq.selenium</groupId>
			<artifactId>selenium-support</artifactId>
			<version>3.141.59</version>
		</dependency>

		<dependency>
			<groupId>org.seleniumhq.selenium</groupId>
			<artifactId>selenium-firefox-driver</artifactId>
			<version>3.141.59</version>
		</dependency>

		<dependency>
			<groupId>org.seleniumhq.selenium</groupId>
			<artifactId>selenium-chrome-driver</artifactId>
			<version>3.141.59</version>
		</dependency>

		<dependency>
			<groupId>io.cucumber</groupId>
			<artifactId>cucumber-java</artifactId>
			<version>4.3.0</version>
		</dependency>
		<dependency>
			<groupId>io.cucumber</groupId>
			<artifactId>cucumber-core</artifactId>
			<version>4.3.0</version>
		</dependency>
		<dependency>
			<groupId>org.testng</groupId>
			<artifactId>testng</artifactId>
			<version>6.14.3</version>
			<!-- <scope>test</scope> -->
		</dependency>
		<dependency>
			<groupId>io.cucumber</groupId>
			<artifactId>cucumber-testng</artifactId>
			<version>4.3.0</version>
		</dependency>
		<dependency>
			<groupId>org.apache.logging.log4j</groupId>
			<artifactId>log4j-core</artifactId>
			<version>2.11.2</version>
		</dependency>

		<dependency>
			<groupId>commons-logging</groupId>
			<artifactId>commons-logging</artifactId>
			<version>1.2</version>
		</dependency>

		<dependency>
			<groupId>commons-io</groupId>
			<artifactId>commons-io</artifactId>
			<version>2.6</version>
		</dependency>


		<dependency>
			<groupId>org.apache.poi</groupId>
			<artifactId>poi</artifactId>
			<version>4.1.0</version>
		</dependency>
		<dependency>
			<groupId>org.apache.poi</groupId>
			<artifactId>poi-examples</artifactId>
			<version>4.1.0</version>
		</dependency>
		<dependency>
			<groupId>org.apache.poi</groupId>
			<artifactId>poi-excelant</artifactId>
			<version>4.1.0</version>
		</dependency>
		<dependency>
			<groupId>org.apache.poi</groupId>
			<artifactId>poi-ooxml</artifactId>
			<version>4.1.0</version>
		</dependency>
		<dependency>
			<groupId>org.apache.poi</groupId>
			<artifactId>poi-ooxml-schemas</artifactId>
			<version>4.1.0</version>
		</dependency>
		<dependency>
			<groupId>org.apache.poi</groupId>
			<artifactId>poi-scratchpad</artifactId>
			<version>4.1.0</version>
		</dependency>

		<dependency>
			<groupId>org.jsoup</groupId>
			<artifactId>jsoup</artifactId>
			<version>1.11.3</version>
		</dependency>

		<dependency>
			<groupId>com.aventstack</groupId>
			<artifactId>extentreports-cucumber4-adapter</artifactId>
			<version>1.0.8</version>
		</dependency>


		<dependency>
			<groupId>io.github.bonigarcia</groupId>
			<artifactId>webdrivermanager</artifactId>
			<version>3.4.0</version>
		</dependency>

		<dependency>
			<groupId>org.json</groupId>
			<artifactId>json</artifactId>
			<version>20180813</version>
		</dependency>
		<dependency>
			<groupId>log4j</groupId>
			<artifactId>log4j</artifactId>
			<version>1.2.17</version>
		</dependency>
		<!-- https://mvnrepository.com/artifact/io.rest-assured/rest-assured -->
		<dependency>
			<groupId>io.rest-assured</groupId>
			<artifactId>rest-assured</artifactId>
			<version>4.1.2</version>
		</dependency>
		<!-- https://mvnrepository.com/artifact/io.github.bonigarcia/webdrivermanager -->
		<dependency>
			<groupId>io.github.bonigarcia</groupId>
			<artifactId>webdrivermanager</artifactId>
			<version>4.2.2</version>
		</dependency>
	</dependencies>

	<build>
		<plugins>
			<plugin>
				<artifactId>maven-compiler-plugin</artifactId>
				<version>3.8.0</version>
				<configuration>
					<source>1.8</source>
					<target>1.8</target>
					<fork>true</fork>
					<!-- <executable>${env.JAVA_HOME}\bin\javac</executable> -->
					<encoding>${project.build.sourceEncoding}</encoding>
				</configuration>
			</plugin>
			<plugin>
				<groupId>org.apache.maven.plugins</groupId>
				<artifactId>maven-surefire-plugin</artifactId>
				<version>3.0.0-M3</version>
				<configuration>
					<testFailureIgnore>true</testFailureIgnore>
					<suiteXmlFiles>
						<suiteXmlFile>testng.xml</suiteXmlFile>
					</suiteXmlFiles>
					<!-- <systemPropertyVariables>
						<cucumber.options>${cucumber.options}</cucumber.options>
					</systemPropertyVariables> -->
				</configuration>
			</plugin>

			<plugin>
				<groupId>org.apache.maven.plugins</groupId>
				<artifactId>maven-resources-plugin</artifactId>
				<version>3.1.0</version>
			</plugin>

		</plugins>

		<resources>
			<resource>
				<directory>src/main/resources</directory>
				<filtering>true</filtering>
			</resource>
		</resources>
	</build>

</project>
