<?xml version="1.0" encoding="UTF-8"?>
<!DOCTYPE suite SYSTEM "https://testng.org/testng-1.0.dtd">
<suite name="Suite">
	
	<parameter name="a" value="25"></parameter>
	<parameter name="b" value="35"></parameter>
	<parameter name="c" value="45"></parameter>
	<parameter name="e" value="25"></parameter>
	<parameter name="f" value="35"></parameter>
	<parameter name="g" value="45"></parameter>
	
	
	
  <test thread-count="5" name="Test">
    <classes>
      <class name="TestNgDemo.TestNgParametersEx"/>
    </classes>
  </test> <!-- Test -->
</suite> <!-- Suite -->